City_ID,City,Cloudiness,Country,Date,Humidity,Lat,Lng,Max Temp,Wind Speed
0,sabzevar,76,IR,1520906608,85,36.21,57.68,43.02,3.6
1,san ramon,0,NI,1520906908,89,12.92,-85.84,68.76,2.37
2,neckarsulm,75,DE,1520904000,87,49.19,9.22,44.6,6.93
3,hilo,40,US,1520902560,64,19.71,-155.08,75.2,5.82
4,edenderry,20,IE,1520904600,93,53.34,-7.05,37.4,9.17
5,tiksi,8,RU,1520906632,76,71.64,128.87,-25.39,4.38
6,fortuna,0,ES,1520904600,58,38.18,-1.13,55.4,6.93
7,jamestown,0,AU,1520906915,92,-33.21,138.6,66.33,7.74
8,hobart,40,AU,1520904600,46,-42.88,147.33,69.8,11.41
9,butaritari,80,KI,1520906916,100,3.07,172.79,82.89,12.33
10,ushuaia,75,AR,1520906400,70,-54.81,-68.31,44.6,10.29
11,puerto ayora,92,EC,1520906917,100,-0.74,-90.35,77.22,3.15
12,partizanskoye,8,UA,1520906918,81,44.83,34.08,39.24,8.97
13,rikitea,68,PF,1520906672,100,-23.12,-134.97,80.01,13.44
14,aripuana,36,BR,1520906919,91,-9.17,-60.63,78.57,1.7
15,thompson,40,CA,1520902800,49,55.74,-97.86,26.6,3.36
16,marsaxlokk,0,MT,1520903700,76,35.84,14.54,57.2,11.41
17,bluff,36,AU,1520906921,37,-23.58,149.07,88.02,14.12
18,georgetown,40,GY,1520906400,94,6.8,-58.16,73.4,6.93
19,newport,0,GB,1520904000,93,51.59,-3.0,42.8,8.05
20,monte patria,0,CL,1520906923,93,-30.69,-70.96,49.23,1.59
21,albany,90,US,1520904360,69,42.65,-73.75,39.2,6.93
22,khatanga,0,RU,1520906715,57,71.98,102.47,-32.5,4.72
23,port hawkesbury,40,CA,1520905560,79,45.62,-61.36,28.4,4.7
24,zeya,0,RU,1520906925,52,53.74,127.27,16.83,3.71
25,isangel,75,VU,1520902800,84,-19.55,169.27,86.0,9.17
26,dongobesh,92,TZ,1520906926,95,-4.07,35.37,58.23,2.37
27,saryg-sep,76,RU,1520906926,78,51.49,95.55,18.63,2.93
28,san patricio,0,PY,1520906927,65,-26.98,-56.83,76.41,4.61
29,spremberg,40,DE,1520905800,81,51.57,14.37,46.4,10.29
30,kosa,76,RU,1520906929,79,59.94,54.99,4.5,9.42
31,lebu,75,ET,1520902800,55,8.96,38.73,60.8,2.24
32,saint-philippe,90,CA,1520904900,82,45.36,-73.48,33.8,3.36
33,new norfolk,40,AU,1520904600,46,-42.78,147.06,69.8,11.41
34,port elizabeth,90,US,1520904240,97,39.31,-74.98,37.4,9.17
35,busselton,32,AU,1520906931,69,-33.64,115.35,81.27,12.44
36,lompoc,90,US,1520905140,93,34.64,-120.46,64.4,5.82
37,chuy,44,UY,1520906932,98,-33.69,-53.46,61.29,4.72
38,upernavik,36,GL,1520906932,96,72.79,-56.15,-2.17,1.14
39,fairbanks,1,US,1520902680,73,64.84,-147.72,32.0,2.93
40,tuktoyaktuk,90,CA,1520902800,84,69.44,-133.03,6.8,10.29
41,tortoli,75,IT,1520902500,44,39.93,9.66,57.2,1.12
42,kodiak,1,US,1520902380,44,39.95,-94.76,37.4,8.05
43,vaini,0,IN,1520906935,49,15.34,74.49,75.87,5.39
44,mataura,92,NZ,1520906935,81,-46.19,168.86,51.57,20.49
45,saint anthony,1,US,1520902560,56,43.97,-111.68,48.2,5.82
46,port alfred,0,ZA,1520906936,84,-33.59,26.89,71.46,20.94
47,carnarvon,0,ZA,1520906937,45,-30.97,22.13,48.96,2.93
48,punta arenas,75,CL,1520906400,70,-53.16,-70.91,42.8,11.41
49,ampanihy,56,MG,1520906938,87,-24.69,44.75,72.81,3.6
50,zvishavane,92,ZW,1520906938,99,-20.32,30.05,65.97,7.4
51,pisco,0,PE,1520906400,78,-13.71,-76.2,71.6,2.24
52,manggar,92,ID,1520906939,97,-2.88,108.27,80.37,6.96
53,salalah,20,OM,1520902200,64,17.01,54.1,71.6,3.36
54,hithadhoo,44,MV,1520906940,100,-0.6,73.08,82.89,6.51
55,hofn,92,IS,1520906940,100,64.25,-15.21,36.09,25.97
56,maceio,0,BR,1520902800,83,-9.67,-35.74,78.8,9.17
57,port shepstone,0,ZA,1520906942,97,-30.74,30.45,68.4,7.18
58,portland,1,US,1520905980,32,45.52,-122.67,69.8,12.75
59,kapaa,90,US,1520902560,69,22.08,-159.32,73.4,19.46
60,mannarakkat,40,IN,1520904600,83,10.98,76.47,78.8,3.36
61,castro,92,CL,1520906949,79,-42.48,-73.76,52.29,5.95
62,kareli,0,IN,1520906949,39,22.93,79.06,76.5,4.16
63,san cristobal,40,EC,1520906400,76,-0.39,-78.55,55.4,10.29
64,sri aman,90,MY,1520902800,94,1.24,111.46,73.4,2.24
65,colac,0,AU,1520906952,58,-38.34,143.59,68.94,5.17
66,sovetskiy,36,RU,1520906952,71,56.76,48.47,-1.99,8.75
67,bredasdorp,0,ZA,1520902800,88,-34.53,20.04,62.6,2.24
68,dunedin,56,NZ,1520906954,52,-45.87,170.5,57.15,14.23
69,finspang,90,SE,1520904000,100,58.71,15.77,33.8,3.36
70,ambulu,76,ID,1520906955,100,-8.35,113.61,78.12,5.39
71,cape town,0,ZA,1520902800,88,-33.93,18.42,62.6,8.05
72,hermanus,0,ZA,1520906957,88,-34.42,19.24,55.8,2.93
73,temerloh,36,MY,1520906957,66,3.45,102.42,85.05,3.15
74,neiafu,40,TO,1520906400,70,-18.65,-173.98,86.0,10.29
75,santa teresa,20,VE,1520906400,73,10.26,-66.69,77.0,2.37
76,ponta do sol,0,BR,1520906960,86,-20.63,-46.0,68.4,3.15
77,east london,0,ZA,1520906961,97,-33.02,27.91,72.36,20.83
78,norman wells,20,CA,1520902800,62,65.28,-126.83,23.0,3.15
79,atambua,44,ID,1520906962,87,-9.11,124.89,85.32,5.73
80,yellowknife,75,CA,1520904000,59,62.45,-114.38,35.6,5.82
81,talnakh,64,RU,1520906963,84,69.49,88.39,-13.87,18.37
82,torun,92,UA,1520906963,100,48.67,23.6,41.49,2.15
83,guerrero negro,0,MX,1520906964,77,27.97,-114.04,65.07,14.23
84,port keats,32,AU,1520906736,84,-14.25,129.55,84.42,16.46
85,arraial do cabo,0,BR,1520902800,94,-22.97,-42.02,73.4,4.7
86,beira,92,ES,1520904600,87,43.2,-8.36,44.6,4.7
87,san quintin,20,PH,1520902800,51,17.54,120.52,80.6,2.24
88,prince rupert,20,CA,1520902800,29,54.32,-130.32,60.8,11.41
89,mehran,0,IR,1520902800,64,33.12,46.17,39.2,4.7
90,voyvozh,76,RU,1520906967,83,62.89,54.96,14.49,10.2
91,torbay,90,CA,1520905980,100,47.66,-52.73,30.2,23.04
92,kokkola,75,FI,1520905800,100,63.84,23.13,28.4,3.36
93,cherskiy,32,RU,1520906969,72,68.75,161.3,-16.3,5.28
94,plettenberg bay,0,ZA,1520906969,95,-34.05,23.37,71.37,8.63
95,quang ngai,0,VN,1520906970,65,15.12,108.8,77.49,3.15
96,salym,56,RU,1520906971,88,60.06,71.48,2.25,8.19
97,longyearbyen,0,NO,1520902200,65,78.22,15.63,3.2,5.82
98,oum hadjer,0,TD,1520906972,26,13.3,19.7,67.5,8.08
99,nikolskoye,90,RU,1520904600,100,59.7,30.79,33.8,6.71
100,faanui,80,PF,1520906973,100,-16.48,-151.75,81.45,11.43
101,hasaki,20,JP,1520904600,58,35.73,140.83,59.0,2.24
102,trelew,0,AR,1520906974,30,-43.25,-65.31,58.32,20.83
103,lagoa,75,PT,1520904600,100,37.14,-8.45,59.0,6.93
104,ancud,92,CL,1520906975,73,-41.87,-73.83,52.74,4.94
105,atuona,64,PF,1520906976,100,-9.8,-139.03,80.37,16.46
106,avera,1,US,1520904900,56,33.19,-82.53,50.0,10.29
107,plouzane,0,FR,1520904600,81,48.38,-4.62,44.6,8.05
108,namatanai,92,PG,1520906978,100,-3.66,152.44,82.98,12.44
109,jalu,0,LY,1520906979,46,29.03,21.55,57.33,4.16
110,mar del plata,8,AR,1520906979,58,-46.43,-67.52,54.99,15.01
111,nanortalik,0,GL,1520906980,100,60.14,-45.24,22.5,4.72
112,oskarshamn,92,SE,1520904000,100,57.26,16.44,35.6,5.82
113,rio grande,0,BR,1520906826,100,-32.03,-52.1,64.71,4.72
114,muriti,56,TZ,1520906981,100,-1.99,32.93,71.73,2.59
115,san pedro de macoris,20,DO,1520906400,78,18.46,-69.3,78.8,4.7
116,barrow,44,AR,1520906983,69,-38.31,-60.23,62.82,17.02
117,oranjemund,92,ZA,1520906707,98,-28.55,16.43,63.45,3.6
118,poronaysk,24,RU,1520906983,92,49.22,143.1,29.97,4.38
119,champagnole,90,FR,1520904600,81,46.75,5.91,44.6,18.34
120,borisoglebskiy,92,RU,1520906984,89,57.26,39.15,26.46,16.69
121,nantucket,40,US,1520903040,100,41.28,-70.1,39.2,23.04
122,ostrovnoy,76,RU,1520906985,87,68.05,39.51,21.87,7.63
123,toguchin,0,RU,1520906986,43,55.24,84.4,-14.14,2.93
124,vegueta,92,PE,1520906987,77,-11.02,-77.64,62.28,1.36
125,napasar,0,IN,1520906988,27,27.97,73.56,71.73,3.27
126,ribeira grande,36,PT,1520906988,95,38.52,-28.7,63.09,31.79
127,caravelas,64,BR,1520906988,100,-17.73,-39.27,80.55,15.68
128,severo-kurilsk,44,RU,1520906989,100,50.68,156.12,25.47,6.73
129,shache,8,CN,1520906869,56,38.42,77.24,48.6,4.61
130,barra do garcas,68,BR,1520906841,95,-15.89,-52.26,72.45,3.15
131,australind,24,AU,1520906990,42,-33.28,115.72,85.95,14.23
132,sao filipe,0,CV,1520906991,92,14.9,-24.5,71.73,17.47
133,provideniya,0,RU,1520904600,64,64.42,-173.23,-2.21,15.66
134,dharangaon,0,IN,1520906991,49,21.01,75.27,78.66,2.71
135,tecpan,0,GT,1520906400,60,14.76,-90.99,71.6,18.34
136,shima,0,JP,1520904600,57,34.34,136.82,50.0,8.05
137,vardo,1,US,1520905980,92,39.62,-77.74,35.6,5.82
138,venado tuerto,20,AR,1520906993,59,-33.75,-61.97,63.72,10.31
139,qaanaaq,44,GL,1520906993,100,77.48,-69.36,-10.54,3.49
140,shelburne,90,CA,1520905560,92,44.08,-80.2,26.6,5.39
141,juneau,90,US,1520904180,100,58.3,-134.42,37.4,3.36
142,viransehir,0,TR,1520906994,77,37.24,39.76,42.03,2.37
143,souillac,20,FR,1520904600,87,45.6,-0.6,44.6,10.29
144,zaritap,48,AM,1520902800,76,39.64,45.51,35.6,6.93
145,megion,0,RU,1520904600,70,61.04,76.11,1.4,6.71
146,kurumkan,44,RU,1520906996,64,54.33,110.32,5.67,2.59
147,tuy hoa,48,VN,1520906997,85,13.08,109.3,76.41,5.17
148,cabo san lucas,20,MX,1520905920,42,22.89,-109.91,80.6,4.7
149,broome,92,GB,1520904480,93,52.47,1.45,41.0,10.29
150,marystown,36,CA,1520906780,96,47.17,-55.16,33.93,15.46
151,kargasok,68,RU,1520906999,66,59.06,80.87,-3.88,5.39
152,sindor,92,RU,1520906999,88,62.87,51.9,17.46,9.53
153,tadine,92,NC,1520907000,97,-21.55,167.88,80.55,21.83
154,poco das trincheiras,64,BR,1520906872,96,-9.31,-37.29,71.37,6.17
155,geraldton,90,CA,1520902800,72,49.72,-86.95,15.8,9.17
156,agadir,0,MA,1520904600,87,30.42,-9.58,55.4,4.7
157,toktogul,88,KG,1520907004,100,41.87,72.95,31.5,1.7
158,leningradskiy,12,RU,1520907005,96,69.38,178.42,-8.2,12.77
159,macomer,20,IT,1520904000,62,40.26,8.77,55.4,8.05
160,poum,36,MK,1520907008,92,41.28,20.71,39.6,2.59
161,jinxiang,0,CN,1520907008,66,35.07,116.31,70.38,14.23
162,avarua,40,CK,1520906400,62,-21.21,-159.78,84.2,9.17
163,roma,40,IT,1520904000,81,41.89,12.48,57.2,3.36
164,whitehorse,75,CA,1520902800,60,60.72,-135.06,41.0,8.05
165,marienburg,75,DE,1520905800,81,52.12,9.98,50.0,8.05
166,grindavik,0,IS,1520906400,79,63.84,-22.43,30.2,13.87
167,chokurdakh,56,RU,1520907012,67,70.62,147.9,-22.51,6.73
168,port macquarie,90,AU,1520902800,57,-31.43,152.91,77.0,4.7
169,kuytun,0,RU,1520907013,70,54.34,101.51,6.21,4.83
170,rundu,8,NA,1520906879,92,-17.91,19.77,64.8,4.16
171,alice springs,0,AU,1520904600,26,-23.7,133.88,84.2,17.22
172,montanhas,40,BR,1520906400,78,-6.49,-35.29,82.4,8.05
173,aransas pass,1,US,1520905860,67,27.91,-97.15,60.8,4.7
174,tasiilaq,12,GL,1520905800,44,65.61,-37.64,21.2,8.05
175,lipari,20,IT,1520902500,67,38.47,14.95,57.2,6.93
176,saskylakh,64,RU,1520907017,82,71.97,114.09,-26.56,6.62
177,mount gambier,48,AU,1520907017,64,-37.83,140.78,67.59,5.5
178,khandyga,48,RU,1520907018,70,62.65,135.58,-1.99,3.6
179,zhangye,0,CN,1520907018,76,38.94,100.46,50.67,4.5
180,yantal,48,RU,1520907019,54,56.85,105.25,6.3,6.4
181,osypenko,0,UA,1520904600,92,48.04,34.39,26.6,13.42
182,damghan,12,IR,1520907019,94,36.17,54.34,38.25,3.04
183,sawakin,0,SD,1520907020,100,19.1,37.33,61.38,5.84
184,nanfeng,24,CN,1520907020,63,27.22,116.52,71.73,3.71
185,raudeberg,8,NO,1520904000,59,61.99,5.14,35.6,13.87
186,lexington,90,US,1520904900,83,38.05,-84.5,37.4,10.29
187,ust-nera,0,RU,1520907022,77,64.57,143.24,-14.68,2.59
188,sibu,75,MY,1520902800,94,2.29,111.83,78.8,5.82
189,teberda,0,RU,1520907023,62,43.44,41.74,10.17,1.03
190,henties bay,0,NA,1520907023,100,-22.12,14.28,60.84,5.39
191,dikson,44,RU,1520907024,100,73.51,80.55,-9.64,18.7
192,tilichiki,8,RU,1520907025,72,60.47,166.1,-2.62,10.2
193,kruisfontein,0,ZA,1520907025,76,-34.0,24.73,65.7,11.65
194,kailua,75,US,1520903460,77,21.39,-157.74,75.2,11.41
195,brigantine,90,US,1520905260,100,39.41,-74.36,35.6,6.93
196,srednekolymsk,48,RU,1520907027,45,67.46,153.71,-14.95,3.38
197,hazorasp,90,UZ,1520904600,86,41.32,61.08,41.0,9.17
198,sao joao da barra,0,BR,1520906757,99,-21.64,-41.05,79.92,11.88
199,iskateley,12,RU,1520907029,80,67.68,53.15,19.53,14.56
200,edd,0,ER,1520907029,90,13.93,41.69,60.03,2.26
201,searcy,1,US,1520902560,57,35.25,-91.74,51.8,5.82
202,pevek,36,RU,1520906784,97,69.7,170.27,-12.16,7.29
203,kozlovo,68,RU,1520907031,93,56.51,36.26,31.05,19.71
204,beruwala,80,LK,1520907031,100,6.48,79.98,80.28,3.49
205,dwarka,0,IN,1520904600,88,28.58,77.04,62.6,4.7
206,waipawa,8,NZ,1520907032,66,-39.94,176.59,68.13,21.05
207,dingle,36,PH,1520906857,89,11.0,122.67,78.75,14.56
208,swan hill,0,AU,1520907033,52,-35.34,143.56,73.35,11.65
209,esil,8,KZ,1520907033,72,51.96,66.41,-2.53,10.42
210,lampazos de naranjo,12,MX,1520907034,37,27.02,-100.51,54.27,3.38
211,tuatapere,80,NZ,1520907035,100,-46.13,167.69,52.11,21.72
212,iqaluit,90,CA,1520902800,84,63.75,-68.52,6.8,3.36
213,boo,8,NG,1520907035,87,7.44,8.9,76.5,11.43
214,hami,0,CN,1520907007,58,42.84,93.51,54.09,7.63
215,zhanaozen,0,KZ,1520907037,74,43.35,52.85,18.81,5.84
216,beipiao,0,CN,1520907037,50,41.8,120.76,58.95,11.21
217,airai,56,TL,1520907038,71,-8.93,125.41,81.09,2.37
218,bathsheba,40,BB,1520906400,83,13.22,-59.52,78.8,20.8
219,batangafo,0,CF,1520907039,63,7.3,18.29,79.2,12.33
220,nicoya,0,CR,1520906400,58,10.15,-85.45,84.2,6.93
221,yulara,0,AU,1520902800,20,-25.24,130.99,87.8,16.11
222,luanda,20,AO,1520902800,83,-8.83,13.24,77.0,2.24
223,parchim,90,DE,1520905800,93,53.43,11.85,44.6,5.82
224,flinders,90,AU,1520902800,68,-34.58,150.85,66.2,6.93
225,bambous virieux,40,MU,1520902800,74,-20.34,57.76,80.6,16.11
226,ziduri,32,RO,1520907043,89,45.29,27.08,48.6,7.74
227,fort collins,75,US,1520904960,27,40.55,-105.07,51.8,6.4
228,bud,0,NO,1520904000,100,62.91,6.91,33.8,6.93
229,barahona,92,DO,1520906915,96,18.21,-71.1,78.57,6.51
230,koulikoro,0,ML,1520904600,62,12.86,-7.56,84.2,3.36
231,kolokani,12,ML,1520907046,29,13.58,-8.03,74.07,10.2
232,karpathos,68,GR,1520904000,87,35.51,27.21,60.8,16.11
233,buraydah,5,SA,1520902800,48,26.33,43.97,64.4,8.05
234,sfantu gheorghe,75,RO,1520904600,93,44.65,26.83,46.4,8.05
235,rock sound,8,BS,1520907048,100,24.9,-76.2,74.25,21.83
236,ust-maya,8,RU,1520907048,63,60.42,134.54,-0.1,3.71
237,kavieng,80,PG,1520907049,100,-2.57,150.8,81.54,10.65
238,beisfjord,0,NO,1520904000,85,68.38,17.6,10.4,2.93
239,sitka,0,US,1520907050,47,37.17,-99.65,40.5,8.19
240,karratha,0,AU,1520907051,47,-20.74,116.85,92.79,4.27
241,komsomolskiy,76,RU,1520907053,78,67.55,63.78,10.62,5.95
242,tezu,64,IN,1520906893,57,27.93,96.16,58.68,0.92
243,mazagao,0,BR,1520906400,100,-0.12,-51.29,78.8,6.93
244,maamba,92,ZM,1520907056,99,-17.36,27.22,65.43,4.5
245,jinchang,0,CN,1520907012,79,38.52,102.19,48.15,4.16
246,cravo norte,0,CO,1520907057,45,6.3,-70.2,85.77,6.96
247,kieta,76,PG,1520907013,100,-6.22,155.63,81.45,3.6
248,kiruna,76,SE,1520904000,92,67.86,20.23,5.0,1.12
249,santa marta,40,CO,1520902800,94,11.24,-74.21,80.6,9.17
250,escanaba,40,US,1520902560,63,45.75,-87.06,28.4,9.17
251,margate,40,AU,1520904600,46,-43.03,147.26,69.8,11.41
252,iralaya,68,HN,1520907060,92,15.0,-83.23,78.21,5.61
253,ferrol,92,ES,1520904600,87,43.48,-8.23,44.6,4.7
254,majene,32,ID,1520907062,100,-3.54,118.97,83.25,3.15
255,borgarnes,0,IS,1520906400,54,64.54,-21.92,30.2,5.82
256,sorrento,0,AU,1520904600,33,-31.82,115.75,86.0,18.34
257,coos bay,40,US,1520904900,82,43.37,-124.22,57.2,8.05
258,harper,1,US,1520905860,40,30.3,-99.24,57.2,5.82
259,ninghai,0,CN,1520902800,72,29.29,121.42,64.4,6.71
260,ballitoville,0,ZA,1520907066,92,-29.54,31.21,63.99,1.59
261,hobyo,12,SO,1520907067,89,5.35,48.53,77.49,8.41
262,marsh harbour,0,BS,1520907015,100,26.54,-77.06,71.55,24.74
263,lazaro cardenas,20,MX,1520905320,33,28.39,-105.62,57.2,9.17
264,verkhnyaya inta,68,RU,1520907069,71,65.99,60.32,19.44,9.19
265,clyde river,90,CA,1520902800,82,70.47,-68.59,-18.41,3.36
266,dharchula,8,IN,1520907070,57,29.85,80.53,37.8,2.04
267,uvira,64,CD,1520907070,100,-3.41,29.14,60.39,3.6
268,gornopravdinsk,56,RU,1520907071,75,60.06,69.92,3.33,7.63
269,gondanglegi,92,ID,1520907072,82,-7.75,112.01,77.49,4.05
270,lachhmangarh,0,IN,1520907073,28,27.82,75.03,73.26,4.38
271,bethel,1,US,1520902380,78,60.79,-161.76,15.8,6.93
272,naifaru,92,MV,1520907074,100,5.44,73.37,77.58,9.86
273,necochea,92,AR,1520907075,62,-38.55,-58.74,64.17,14.67
274,xining,0,CN,1520907076,31,36.62,101.77,44.91,3.15
275,lagos,20,NG,1520902800,83,6.46,3.39,82.4,3.36
276,novo aripuana,8,BR,1520907077,88,-5.12,-60.38,77.85,2.82
277,sobolevo,92,RU,1520907077,97,54.43,31.9,35.1,20.49
278,palmer,75,AU,1520904600,43,-34.85,139.16,69.8,10.29
279,livingstone,8,ZW,1520907078,86,-17.85,25.86,69.48,11.54
280,kattivakkam,40,IN,1520904600,88,13.22,80.32,80.6,3.36
281,ca mau,32,VN,1520907079,73,9.18,105.15,85.59,11.54
282,ostersund,80,SE,1520904000,92,63.18,14.64,23.0,6.93
283,priyutnoye,0,RU,1520904600,92,46.1,43.51,17.6,11.18
284,esperance,20,TT,1520902800,78,10.24,-61.45,77.0,4.7
285,gigmoto,8,PH,1520907081,95,13.78,124.39,81.54,12.33
286,port-gentil,68,GA,1520907082,98,-0.72,8.78,81.0,3.71
287,cap malheureux,40,MU,1520902800,74,-19.98,57.61,80.6,16.11
288,coihaique,20,CL,1520906400,70,-45.58,-72.07,44.6,3.36
289,constitucion,5,MX,1520905440,12,23.99,-104.67,75.2,10.09
290,katsuura,0,JP,1520902800,50,33.93,134.5,55.4,4.7
291,victoria,75,BN,1520904600,79,5.28,115.24,86.0,3.36
292,jumla,0,NP,1520907086,70,29.28,82.18,26.37,2.15
293,umm lajj,0,SA,1520907086,100,25.02,37.27,60.48,4.16
294,suntar,44,RU,1520907087,63,62.16,117.65,3.51,3.83
295,sarkand,92,KZ,1520907087,100,45.41,79.91,39.69,4.38
296,taksimo,48,RU,1520907088,43,56.36,114.84,9.72,2.93
297,husavik,0,CA,1520907088,65,50.56,-96.99,6.21,3.15
298,bilma,0,NE,1520907089,26,18.69,12.92,58.77,2.71
299,hudiksvall,92,SE,1520907089,98,61.73,17.1,30.42,12.44
300,esso,48,RU,1520907090,72,55.93,158.7,7.92,4.16
301,chase,75,US,1520905080,74,43.89,-85.64,32.0,5.82
302,mahebourg,40,MU,1520902800,74,-20.41,57.7,80.6,16.11
303,aliaga,40,PH,1520902800,61,15.5,120.85,78.8,4.7
304,mercedes,12,UY,1520907092,67,-33.25,-58.03,59.58,7.52
305,nhulunbuy,75,AU,1520904600,94,-12.18,136.78,77.0,5.82
306,kaitangata,44,NZ,1520907048,56,-46.28,169.85,55.89,22.5
307,buala,80,SB,1520907093,94,-8.15,159.59,82.53,4.61
308,sola,90,FI,1520905800,100,62.78,29.36,28.4,8.05
309,general roca,0,AR,1520906400,33,-39.03,-67.58,59.0,12.75
310,vaitape,48,PF,1520907095,100,-16.52,-151.75,80.82,10.42
311,labuhan,92,ID,1520907096,97,-2.54,115.51,73.71,2.71
312,areia branca,40,BR,1520906400,88,-10.76,-37.31,80.6,9.17
313,bodden town,20,KY,1520902800,83,19.28,-81.25,80.6,1.7
314,saint-pierre,75,FR,1520904600,93,48.95,4.24,46.4,21.92
315,caluquembe,8,AO,1520907101,74,-13.78,14.68,51.66,2.15
316,broken hill,0,AU,1520907065,34,-31.97,141.45,78.03,14.23
317,maun,24,BW,1520907102,56,-19.99,23.42,68.67,12.88
318,sheltozero,92,RU,1520907103,93,61.37,35.37,31.23,12.77
319,namibe,0,AO,1520907011,100,-15.19,12.15,74.25,10.54
320,chalmette,1,US,1520904900,53,29.94,-89.96,60.8,5.82
321,nuuk,76,GL,1520905800,100,64.17,-51.74,15.8,5.82
322,kirakira,92,SB,1520907105,100,-10.46,161.92,82.35,11.43
323,dali,0,CN,1520907106,74,25.6,100.24,55.26,1.81
324,gamba,0,CN,1520907107,77,28.28,88.52,13.41,6.06
325,pore,0,CO,1520907107,71,5.73,-71.99,68.49,2.71
326,sampit,92,ID,1520907108,96,-2.54,112.95,78.93,2.59
327,nishihara,0,JP,1520904600,50,35.74,139.53,53.6,3.36
328,galle,1,US,1520905860,37,29.74,-97.91,57.2,4.7
329,puerto suarez,24,BO,1520907109,81,-18.96,-57.8,80.73,4.16
330,gizo,20,IL,1520904000,82,31.8,34.94,55.4,2.24
331,san nicolas,0,HN,1520907110,82,14.94,-88.33,67.32,1.81
332,rawson,0,AR,1520907111,30,-43.3,-65.11,58.32,20.83
333,talara,48,PE,1520907111,81,-4.58,-81.27,73.89,7.52
334,vestmanna,88,FO,1520905800,55,62.16,-7.17,39.2,19.46
335,vermilion,20,CA,1520902800,73,53.35,-110.85,26.6,6.93
336,springdale,5,US,1520906280,80,36.19,-94.13,35.6,6.93
337,sur,0,OM,1520907114,92,22.57,59.53,74.61,8.75
338,davenport,1,US,1520904900,51,41.52,-90.58,35.6,13.87
339,touros,92,BR,1520906967,81,-5.2,-35.46,81.54,6.62
340,taltal,0,CL,1520907001,97,-25.41,-70.49,52.83,1.48
341,medea,20,DZ,1520904600,81,36.27,2.77,48.2,4.7
342,bukachacha,0,RU,1520907116,44,52.99,116.91,21.87,6.62
343,shimoda,20,JP,1520902800,66,34.7,138.93,53.6,3.36
344,praia,0,BR,1520902800,60,-20.25,-43.81,75.2,3.36
345,marsabit,20,KE,1520907117,64,2.34,37.99,73.26,8.19
346,ayan,44,TR,1520907118,79,40.67,33.6,30.15,2.59
347,codrington,48,AU,1520907118,83,-28.95,153.24,72.99,6.62
348,mackay,20,CA,1520902800,36,53.65,-115.58,48.2,10.29
349,klaksvik,88,FO,1520904000,55,62.23,-6.59,39.2,18.34
350,vestmannaeyjar,88,IS,1520907120,97,63.44,-20.27,34.2,17.02
351,mudgee,0,AU,1520907120,80,-32.6,149.59,75.33,9.08
352,longfeng,20,CN,1520902800,82,31.05,103.87,60.8,2.59
353,dubasari,90,MD,1520904600,87,47.26,29.16,42.8,14.99
354,ilulissat,88,GL,1520905800,71,69.22,-51.1,6.8,1.12
355,moerai,44,PF,1520907123,100,-22.43,-151.33,80.37,9.08
356,hendaye,40,FR,1520904600,76,43.37,-1.77,50.0,4.7
357,saint george,20,GR,1520902200,62,39.45,22.34,55.4,13.87
358,aklavik,40,CA,1520902800,66,68.22,-135.01,12.2,3.6
359,balclutha,44,NZ,1520907124,56,-46.24,169.74,55.89,22.5
360,honiara,90,SB,1520902800,79,-9.43,159.96,84.2,8.05
361,port augusta,0,AU,1520902800,59,-32.49,137.76,66.2,14.99
362,russell,0,AR,1520906400,46,-33.01,-68.8,73.4,3.6
363,noumea,92,NC,1520906400,62,-22.28,166.46,86.0,8.05
364,fillan,20,NO,1520905800,85,63.6,8.98,24.8,4.7
365,mbaiki,92,CF,1520907128,97,3.87,17.99,70.56,3.83
366,narsaq,0,GL,1520905800,67,60.91,-46.05,21.2,4.27
367,port moresby,75,PG,1520902800,79,-9.47,147.16,84.2,5.82
368,pangnirtung,64,CA,1520907129,73,66.15,-65.72,0.45,1.92
369,bagdarin,0,RU,1520907129,39,54.44,113.59,10.98,7.63
370,ankazoabo,0,MG,1520907130,73,-22.29,44.51,68.94,3.49
371,petropavlovsk-kamchatskiy,48,RU,1520904600,48,53.05,158.65,21.2,2.24
372,yendi,12,GH,1520907130,79,9.45,0.0,74.43,9.98
373,alofi,75,NU,1520906400,70,-19.06,-169.92,86.0,12.75
374,andros town,75,BS,1520906400,65,24.73,-77.79,78.8,11.41
375,meulaboh,0,ID,1520907038,100,4.14,96.13,82.89,2.82
376,piedecuesta,40,CO,1520906400,83,6.99,-73.05,73.4,4.7
377,port lincoln,0,AU,1520906844,85,-34.72,135.86,67.5,11.54
378,sinnamary,92,GF,1520907133,96,5.38,-52.96,79.2,14.0
379,sterling,90,US,1520905980,80,39.0,-77.4,39.2,11.41
380,hangzhou,0,CN,1520904600,56,30.25,120.21,68.0,4.47
381,eau claire,1,US,1520904900,43,44.81,-91.5,33.8,9.17
382,kindu,44,CD,1520907135,97,-2.95,25.92,71.46,2.15
383,lavrentiya,56,RU,1520907135,100,65.58,-170.99,1.62,16.8
384,poso,8,ID,1520907136,100,-1.4,120.75,81.72,4.72
385,killybegs,64,IE,1520907136,100,54.63,-8.45,41.49,7.96
386,arauco,0,CL,1520906400,66,-37.25,-73.32,55.4,6.93
387,dongsheng,80,CN,1520907137,81,29.72,112.52,70.2,8.41
388,baruun-urt,36,MN,1520907137,64,46.68,113.28,35.19,12.55
389,kavaratti,0,IN,1520907138,100,10.57,72.64,83.52,5.84
390,upington,0,ZA,1520902800,30,-28.46,21.24,68.0,5.82
391,timra,92,SE,1520905800,100,62.49,17.33,30.2,8.05
392,griffith,0,AU,1520907070,51,-34.29,146.06,76.23,9.64
393,whitewater,40,US,1520905980,70,42.83,-88.73,35.6,11.41
394,laguna,75,MX,1520905260,53,27.52,-110.01,71.6,4.7
395,yeppoon,40,AU,1520904600,48,-23.13,150.74,84.2,12.75
396,santa maria,0,BR,1520902800,87,-29.69,-53.81,57.2,2.24
397,banjarmasin,92,ID,1520907142,100,-3.32,114.59,77.31,5.39
398,anadyr,90,RU,1520904600,76,64.73,177.51,-4.01,11.18
399,taunggyi,0,MM,1520907143,40,20.78,97.03,73.8,3.15
400,bosaso,0,SO,1520907143,100,11.28,49.18,74.97,2.59
401,otjimbingwe,56,NA,1520907144,78,-22.35,16.13,57.33,2.15
402,ariquemes,8,BR,1520907028,92,-9.91,-63.03,75.96,1.92
403,weare,90,US,1520905080,100,43.75,-86.34,32.0,4.7
404,cermik,0,TR,1520902200,79,38.14,39.45,35.6,4.7
405,camopi,92,GF,1520907145,89,3.17,-52.33,74.97,3.27
406,joyabaj,0,GT,1520906400,60,14.99,-90.8,71.6,18.34
407,havoysund,75,NO,1520905800,92,71.0,24.66,26.6,19.46
408,haines junction,32,CA,1520907147,94,60.75,-137.51,25.65,2.04
409,leona vicario,75,MX,1520905680,100,20.99,-87.21,75.2,3.36
410,biak,76,ID,1520907017,94,-0.91,122.88,82.17,1.36
411,eydhafushi,92,MV,1520907148,100,5.1,73.07,77.58,9.86
412,yamada,0,JP,1520902800,28,36.58,137.08,64.4,12.75
413,kisangani,80,CD,1520907149,100,0.52,25.21,70.83,0.36
414,waddan,0,LY,1520907150,63,29.16,16.14,57.15,10.87
415,vidim,0,CZ,1520904600,87,50.47,14.53,46.4,11.41
416,goderich,92,CA,1520907036,91,43.74,-81.71,26.73,5.61
417,vao,92,EE,1520907150,97,59.1,26.19,36.72,9.64
418,camacha,75,PT,1520904600,93,33.08,-16.33,62.6,11.41
419,ghanzi,0,BW,1520907151,78,-21.7,21.65,61.83,4.94
420,mitu,0,IR,1520907152,77,36.2,46.09,26.1,2.82
421,ust-tsilma,92,RU,1520907152,77,65.44,52.15,24.12,8.41
422,dubbo,0,AU,1520904600,30,-32.25,148.6,84.2,4.7
423,itarema,88,BR,1520907088,90,-2.92,-39.92,78.3,4.72
424,uspenka,0,UA,1520907153,85,48.39,39.16,10.8,9.75
425,vilyuysk,32,RU,1520907153,58,63.75,121.63,2.25,3.94
426,beloha,8,MG,1520907153,93,-25.17,45.06,73.62,9.75
427,barcelos,90,PT,1520904600,93,41.53,-8.62,50.0,12.75
428,turinsk,0,RU,1520907154,56,58.04,63.7,-5.41,4.94
429,la asuncion,48,EC,1520907155,100,-1.64,-78.74,42.75,1.48
430,steinbach,20,CA,1520902800,78,49.53,-96.69,14.0,8.05
431,colombo,40,LK,1520903400,88,6.93,79.85,75.2,3.36
432,seoul,20,KR,1520906100,41,37.57,126.98,60.8,13.87
433,abha,0,SA,1520902800,87,18.22,42.5,51.8,3.04
434,lincoln,36,GB,1520905800,100,53.23,-0.54,41.0,8.05
435,hun,92,BE,1520906100,93,50.34,4.87,46.4,14.99
436,sao gabriel,0,BR,1520907159,59,-30.34,-54.32,58.05,7.18
437,seddon,68,NZ,1520907160,66,-41.67,174.07,69.84,10.2
438,nome,1,US,1520904900,66,30.04,-94.42,57.2,5.95
439,zalari,32,RU,1520907161,76,53.57,102.52,6.66,8.75
440,quzhou,44,CN,1520907161,67,28.97,118.86,68.22,3.6
441,sokolo,8,ML,1520907162,29,14.74,-6.12,73.35,10.65
442,ixtapa,20,MX,1520905620,100,20.71,-105.21,71.6,1.14
443,narrabri,0,AU,1520907162,62,-30.33,149.78,81.72,4.38
444,mariveles,20,PH,1520902800,58,14.48,120.48,84.2,13.87
445,hervey bay,80,AU,1520907163,97,-25.3,152.85,77.58,14.0
446,arthur,75,US,1520904900,33,41.57,-101.69,44.6,8.05
447,bandarbeyla,92,SO,1520907103,100,9.49,50.81,77.85,5.28
448,vetluga,64,RU,1520907165,85,57.85,45.78,7.2,5.95
449,magsingal,20,PH,1520902800,51,17.69,120.43,80.6,2.24
450,abu samrah,8,SY,1520907165,96,35.3,37.18,42.66,4.16
451,bilibino,20,RU,1520907114,52,68.06,166.44,-19.0,3.15
452,ouadda,24,CF,1520907166,76,8.07,22.4,73.62,4.16
453,kautokeino,64,NO,1520907167,83,69.01,23.04,2.16,2.82
454,mackenzie,1,CA,1520902800,39,55.34,-123.09,46.4,1.14
455,saldanha,92,PT,1520907167,100,41.42,-6.55,43.29,3.38
456,ucluelet,75,CA,1520902800,54,48.94,-125.55,57.2,6.93
457,adrar,0,DZ,1520902800,11,27.87,-0.29,66.2,16.11
458,araouane,0,ML,1520907168,25,18.9,-3.53,70.56,9.64
459,langue,75,HN,1520906400,56,13.62,-87.66,73.4,2.24
460,pangkalanbuun,76,ID,1520907170,100,-2.68,111.62,80.82,3.94
461,hatsukaichi,20,JP,1520902800,62,34.36,132.28,60.8,3.36
462,katobu,8,ID,1520906918,86,-4.94,122.53,86.13,3.38
463,nizwa,0,OM,1520907171,78,22.93,57.53,54.0,1.14
464,porto novo,75,BR,1520906400,88,-23.68,-45.44,73.4,3.36
465,taoudenni,0,ML,1520907171,18,22.68,-3.98,57.33,4.5
466,panzhihua,0,CN,1520907172,41,26.59,101.72,63.72,3.04
467,ust-katav,0,RU,1520907172,40,54.94,58.17,-13.06,2.59
468,sorong,20,ID,1520907173,97,-0.86,131.25,85.14,5.73
469,kamenka,36,RU,1520907173,82,53.19,44.05,0.9,8.97
470,inhambane,8,MZ,1520907174,97,-23.87,35.38,76.86,12.55
471,puerto leguizamo,8,CO,1520907174,90,-0.19,-74.78,77.67,2.26
472,vila franca do campo,40,PT,1520904600,87,37.72,-25.43,60.8,14.99
473,mhasla,24,IN,1520907176,69,18.13,73.11,81.81,3.71
474,sao jose da coroa grande,8,BR,1520907176,88,-8.9,-35.15,78.3,11.21
475,amazar,88,RU,1520907177,58,53.86,120.88,15.84,3.38
476,lawrenceburg,90,US,1520904900,66,35.24,-87.33,46.4,9.17
477,lata,0,IN,1520907177,60,30.78,78.62,47.7,1.92
478,channapatna,20,IN,1520904600,88,12.65,77.22,68.0,5.82
479,male,36,UA,1520907179,90,50.74,33.7,27.09,16.69
480,suhbaatar,92,MN,1520907179,68,50.23,106.21,17.55,15.23
481,inuvik,40,CA,1520902800,66,68.36,-133.71,12.2,3.27
482,agustin codazzi,40,CO,1520902800,46,10.03,-73.24,91.4,9.17
483,berlevag,80,NO,1520907181,100,70.86,29.09,27.09,17.92
484,gat,0,SN,1520907166,65,14.69,-16.54,72.9,9.86
485,jadu,0,LY,1520907182,75,31.95,12.03,50.22,4.05
486,santa cruz cabralia,40,BR,1520906400,94,-16.28,-39.02,77.0,3.36
487,wagar,0,US,1520907183,48,31.44,-87.99,48.51,6.06
488,cidreira,0,BR,1520907184,95,-30.17,-50.22,59.67,2.37
489,rockland,90,US,1520905260,69,42.13,-70.92,39.2,13.87
490,mecca,0,SA,1520902800,73,21.43,39.83,69.8,2.71
491,lorengau,76,PG,1520907185,100,-2.02,147.27,81.27,11.88
492,orbetello,0,IT,1520902500,87,42.44,11.21,48.2,5.82
493,pompeia,56,BR,1520907186,56,-22.11,-50.17,82.35,6.51
494,carballo,92,ES,1520906400,87,43.21,-8.69,44.6,4.7
495,okha,76,RU,1520907187,97,53.59,142.95,17.55,5.06
496,dehloran,0,IR,1520907010,57,32.69,47.27,47.43,2.59
497,yuxia,12,CN,1520902800,87,34.06,108.63,53.6,2.24
498,tessalit,0,ML,1520906931,33,20.2,1.01,62.82,4.38
499,sweetwater,1,US,1520904900,34,32.47,-100.41,55.4,3.36
500,prieska,0,ZA,1520907188,67,-29.67,22.74,51.3,2.59
501,rancho palos verdes,75,US,1520906280,87,33.75,-118.37,66.2,5.82
502,nizhneangarsk,8,RU,1520907189,60,55.78,109.57,8.37,2.59
503,tocopilla,0,CL,1520907190,100,-22.09,-70.2,59.13,1.48
504,mayo,40,CA,1520902800,30,63.59,-135.9,41.0,3.36
505,moranbah,8,AU,1520907190,40,-22.0,148.04,87.75,15.79
506,marzuq,0,YE,1520907004,82,14.4,46.47,44.64,2.15
507,wuzhou,0,CN,1520907191,70,23.48,111.3,74.25,6.4
508,antofagasta,90,CL,1520906400,72,-23.65,-70.4,68.0,11.41
509,el tigre,0,VE,1520907073,55,8.89,-64.25,80.37,17.69
510,tirumullaivasal,88,IN,1520907193,85,11.24,79.84,81.9,7.74
511,makubetsu,75,JP,1520902800,63,42.84,143.34,30.2,2.24
512,yar-sale,56,RU,1520907118,87,66.83,70.83,2.52,9.19
513,catia la mar,20,VE,1520906400,73,10.6,-67.03,77.0,22.17
514,peniche,75,PT,1520904600,100,39.36,-9.38,57.2,13.87
515,salinopolis,36,BR,1520907195,100,-0.61,-47.36,78.93,8.97
516,maldonado,0,UY,1520906400,76,-34.91,-54.96,57.2,2.24
517,tura,8,IN,1520907196,75,25.52,90.21,68.22,4.61
518,sindi,92,EE,1520907196,87,58.41,24.66,35.91,15.12
519,north bend,40,US,1520904900,76,43.41,-124.22,57.2,3.71
520,sechura,0,PE,1520907198,87,-5.56,-80.82,73.62,7.96
521,tyrma,24,RU,1520907199,69,50.04,132.17,24.39,5.73
522,thinadhoo,48,MV,1520907089,100,0.53,72.93,82.62,5.39
523,kaeo,36,NZ,1520907200,65,-35.1,173.78,72.72,16.02
524,makat,0,KZ,1520907200,86,47.65,53.35,5.31,8.63
525,eganville,90,CA,1520902800,87,45.54,-77.1,32.0,2.24
526,basco,1,US,1520904900,51,40.33,-91.2,37.4,12.75
527,kassala,0,SD,1520907201,75,15.45,36.38,55.62,2.59
528,nemuro,75,JP,1520902800,74,43.32,145.57,33.8,12.75
529,ndola,88,ZM,1520907202,98,-12.97,28.64,62.19,6.62
530,goma,24,CD,1520907202,100,-1.67,29.23,55.98,0.92
531,muravlenko,88,RU,1520907203,82,63.79,74.5,9.99,13.56
532,mount isa,0,AU,1520904600,31,-20.73,139.49,87.8,12.75
533,arlit,0,NE,1520907203,18,18.74,7.39,61.38,4.61
534,svetlogorsk,75,RU,1520904600,68,53.14,59.15,-14.81,4.47
535,waingapu,12,ID,1520907204,82,-9.65,120.26,84.69,3.38
536,atar,44,MR,1520907025,28,20.52,-13.05,67.32,7.4
537,great yarmouth,92,GB,1520905800,93,52.61,1.73,41.0,10.29
538,valdivia,0,CL,1520906400,93,-39.81,-73.25,44.6,3.36
539,casa nova,44,BR,1520907206,90,-11.77,-39.23,76.77,4.16
540,burriana,0,ES,1520906400,62,39.89,-0.08,53.6,4.7
541,ayorou,0,NE,1520907206,29,14.73,0.92,65.97,3.38
542,vostok,92,RU,1520907207,97,46.45,135.83,37.17,3.04
543,boli,92,CN,1520907207,100,45.76,130.56,41.67,2.71
544,smithers,90,CA,1520902800,39,54.78,-127.17,48.2,2.24
545,champerico,5,MX,1520905920,61,16.38,-93.6,78.8,25.28
546,ossora,8,RU,1520907209,95,59.24,163.07,0.18,6.62
547,dinanagar,92,IN,1520906943,67,32.14,75.47,62.37,5.28
548,san vicente,20,SV,1520905800,88,13.64,-88.78,82.4,2.24
549,zabaykalsk,64,CN,1520907214,44,49.64,117.33,33.39,7.96
550,chabahar,0,IR,1520907076,100,25.29,60.65,70.74,11.65
551,hualmay,80,PE,1520907045,78,-11.1,-77.61,68.13,2.59
552,manono,48,CD,1520907214,99,-7.3,27.4,65.97,3.04
553,bull savanna,24,JM,1520907215,87,17.89,-77.59,70.47,3.49
554,dickinson,1,US,1520902560,80,46.88,-102.79,30.2,6.93
555,bambanglipuro,8,ID,1520907216,80,-7.95,110.28,83.88,4.16
556,prado,68,BR,1520907161,94,-17.34,-39.22,81.09,15.68
557,santa rosa,20,AR,1520901300,46,-36.62,-64.29,73.4,14.99
558,sambava,48,MG,1520907218,100,-14.27,50.17,79.56,20.49
559,wawa,0,NG,1520907218,67,9.9,4.41,72.27,5.06
560,bhachau,0,IN,1520907218,88,23.3,70.35,64.89,8.3
561,kilis,0,TR,1520904000,93,36.72,37.12,41.0,2.71
562,morag,92,PL,1520907219,97,53.92,19.93,46.8,13.44
563,talcahuano,0,CL,1520906400,66,-36.72,-73.12,55.4,6.93
564,aksu,0,KZ,1520904600,83,52.04,76.93,-4.01,8.95
565,peruibe,36,BR,1520907189,100,-24.32,-47.0,78.93,13.11
566,kronshagen,90,DE,1520904000,100,54.33,10.08,42.8,4.7
567,tabou,92,CI,1520907222,100,4.42,-7.36,78.39,9.98
568,okmulgee,1,US,1520904900,65,35.62,-95.96,46.4,4.7
569,goure,0,NE,1520907224,23,13.98,10.27,65.52,6.17
570,mabaruma,68,GY,1520907224,92,8.2,-59.78,76.23,7.29
